game,season,home,away
0021500001,2015,ATL,DET
0021500002,2015,CHI,CLE
0021500003,2015,GSW,NOP
0021500004,2015,ORL,WAS
0021500005,2015,BOS,PHI
0021500006,2015,BKN,CHI
0021500007,2015,DET,UTA
0021500008,2015,MIA,CHA
0021500009,2015,TOR,IND
0021500010,2015,HOU,DEN
0021500011,2015,MEM,CLE
0021500012,2015,MIL,NYK
0021500013,2015,OKC,SAS
0021500014,2015,PHX,DAL
0021500015,2015,POR,NOP
0021500016,2015,SAC,LAC
0021500017,2015,LAL,MIN
0021500018,2015,IND,MEM
0021500019,2015,NYK,ATL
0021500020,2015,LAC,DAL
0021500021,2015,CLE,MIA
0021500022,2015,ORL,OKC
0021500023,2015,PHI,UTA
0021500024,2015,BOS,TOR
0021500025,2015,DET,CHI
0021500026,2015,ATL,CHA
0021500027,2015,MIL,WAS
0021500028,2015,SAS,BKN
0021500029,2015,DEN,MIN
0021500030,2015,HOU,GSW
0021500031,2015,SAC,LAL
0021500032,2015,PHX,POR
0021500033,2015,IND,UTA
0021500034,2015,WAS,NYK
0021500035,2015,NOP,GSW
0021500036,2015,MEM,BKN
0021500037,2015,POR,PHX
0021500038,2015,LAC,SAC
0021500039,2015,CHA,ATL
0021500040,2015,BOS,SAS
0021500041,2015,MIA,HOU
0021500042,2015,TOR,MIL
0021500043,2015,CHI,ORL
0021500044,2015,OKC,DEN
0021500045,2015,LAL,DAL
0021500046,2015,PHI,CLE
0021500047,2015,BKN,MIL
0021500048,2015,NYK,SAS
0021500049,2015,HOU,OKC
0021500050,2015,MIN,POR
0021500051,2015,GSW,MEM
0021500052,2015,LAC,PHX
0021500053,2015,CHA,CHI
0021500054,2015,DET,IND
0021500055,2015,MIA,ATL
0021500056,2015,NOP,ORL
0021500057,2015,DAL,TOR
0021500058,2015,SAC,MEM
0021500059,2015,LAL,DEN
0021500060,2015,IND,BOS
0021500061,2015,WAS,SAS
0021500062,2015,ATL,BKN
0021500063,2015,CLE,NYK
0021500064,2015,HOU,ORL
0021500065,2015,MIL,PHI
0021500066,2015,OKC,TOR
0021500067,2015,PHX,SAC
0021500068,2015,UTA,POR
0021500069,2015,GSW,LAC
0021500070,2015,CHI,OKC
0021500071,2015,MIN,MIA
0021500072,2015,DAL,CHA
0021500073,2015,DEN,UTA
0021500074,2015,POR,MEM
0021500075,2015,ORL,TOR
0021500076,2015,BOS,WAS
0021500077,2015,BKN,LAL
0021500078,2015,CLE,PHI
0021500079,2015,NYK,MIL
0021500080,2015,IND,MIA
0021500081,2015,NOP,ATL
0021500082,2015,PHX,DET
0021500083,2015,GSW,DEN
0021500084,2015,SAC,HOU
0021500085,2015,CHI,MIN
0021500087,2015,PHI,ORL
0021500086,2015,ATL,WAS
0021500088,2015,DAL,NOP
0021500089,2015,MIL,BKN
0021500090,2015,SAS,CHA
0021500091,2015,UTA,MEM
0021500092,2015,SAC,GSW
0021500093,2015,LAC,HOU
0021500094,2015,CLE,IND
0021500095,2015,NYK,LAL
0021500096,2015,MIA,TOR
0021500097,2015,OKC,PHX
0021500098,2015,POR,DET
0021500099,2015,IND,ORL
0021500100,2015,PHI,CHI
0021500101,2015,ATL,MIN
0021500102,2015,DEN,POR
0021500103,2015,SAC,SAS
0021500104,2015,GSW,DET
0021500105,2015,LAC,MEM
0021500106,2015,CLE,UTA
0021500107,2015,WAS,OKC
0021500108,2015,MIA,LAL
0021500109,2015,TOR,NYK
0021500110,2015,MIL,BOS
0021500111,2015,MIN,CHA
0021500112,2015,NOP,DAL
0021500113,2015,CHA,NYK
0021500114,2015,ORL,LAL
0021500115,2015,PHI,TOR
0021500116,2015,BOS,IND
0021500117,2015,ATL,NOP
0021500118,2015,DAL,LAC
0021500119,2015,HOU,BKN
0021500120,2015,MEM,GSW
0021500121,2015,DEN,MIL
0021500122,2015,SAC,DET
0021500123,2015,POR,SAS
0021500124,2015,MIA,UTA
0021500125,2015,MIN,GSW
0021500126,2015,PHX,LAC
0021500127,2015,IND,MIN
0021500128,2015,ORL,UTA
0021500129,2015,BOS,ATL
0021500130,2015,NYK,CLE
0021500131,2015,TOR,NOP
0021500132,2015,CHI,CHA
0021500133,2015,MEM,POR
0021500134,2015,OKC,PHI
0021500135,2015,DAL,LAL
0021500136,2015,DEN,HOU
0021500137,2015,SAC,BKN
0021500138,2015,LAC,DET
0021500139,2015,WAS,ORL
0021500140,2015,HOU,DAL
0021500141,2015,MIL,CLE
0021500142,2015,SAS,PHI
0021500143,2015,PHX,DEN
0021500144,2015,GSW,BKN
0021500145,2015,NYK,NOP
0021500146,2015,MIN,MEM
0021500147,2015,CHA,POR
0021500148,2015,ATL,UTA
0021500149,2015,OKC,BOS
0021500150,2015,SAC,TOR
0021500151,2015,LAL,DET
0021500152,2015,PHI,DAL
0021500153,2015,CHI,IND
0021500154,2015,HOU,BOS
0021500155,2015,MEM,OKC
0021500156,2015,SAS,POR
0021500157,2015,PHX,LAL
0021500158,2015,WAS,MIL
0021500159,2015,BKN,ATL
0021500160,2015,DET,CLE
0021500161,2015,MIA,MIN
0021500162,2015,NYK,CHA
0021500163,2015,NOP,DEN
0021500164,2015,GSW,TOR
0021500165,2015,CHA,BKN
0021500166,2015,ORL,MIN
0021500167,2015,PHI,IND
0021500168,2015,BOS,DAL
0021500169,2015,ATL,SAC
0021500170,2015,HOU,POR
0021500171,2015,OKC,NOP
0021500172,2015,SAS,DEN
0021500173,2015,UTA,TOR
0021500174,2015,PHX,CHI
0021500175,2015,MIA,SAC
0021500176,2015,CLE,MIL
0021500177,2015,LAC,GSW
0021500178,2015,CHA,PHI
0021500179,2015,BOS,BKN
0021500180,2015,MEM,HOU
0021500181,2015,MIN,DET
0021500182,2015,NOP,SAS
0021500183,2015,OKC,NYK
0021500184,2015,DAL,UTA
0021500185,2015,DEN,PHX
0021500186,2015,POR,LAC
0021500187,2015,GSW,CHI
0021500188,2015,LAL,TOR
0021500189,2015,ORL,SAC
0021500190,2015,IND,MIL
0021500191,2015,CLE,ATL
0021500192,2015,DET,WAS
0021500193,2015,MIA,PHI
0021500194,2015,HOU,NYK
0021500195,2015,SAS,MEM
0021500196,2015,LAC,TOR
0021500197,2015,BKN,BOS
0021500198,2015,NOP,PHX
0021500199,2015,OKC,DAL
0021500200,2015,DEN,GSW
0021500201,2015,LAL,POR
0021500202,2015,CHA,SAC
0021500203,2015,CLE,ORL
0021500204,2015,MIA,NYK
0021500205,2015,MIL,DET
0021500206,2015,MIN,PHI
0021500207,2015,SAS,PHX
0021500208,2015,UTA,OKC
0021500209,2015,WAS,IND
0021500210,2015,ATL,BOS
0021500211,2015,MEM,DAL
0021500212,2015,DEN,LAC
0021500213,2015,POR,CHI
0021500214,2015,GSW,LAL
0021500215,2015,CHA,WAS
0021500216,2015,ORL,NYK
0021500217,2015,BOS,PHI
0021500218,2015,DET,MIA
0021500219,2015,TOR,CLE
0021500220,2015,HOU,MEM
0021500221,2015,MIL,SAC
0021500222,2015,MIN,ATL
0021500223,2015,OKC,BKN
0021500224,2015,SAS,DAL
0021500225,2015,PHX,NOP
0021500226,2015,LAC,UTA
0021500227,2015,CHA,CLE
0021500228,2015,ORL,MIL
0021500229,2015,BOS,WAS
0021500230,2015,NYK,MIA
0021500231,2015,IND,CHI
0021500232,2015,HOU,PHI
0021500233,2015,MEM,ATL
0021500234,2015,OKC,DET
0021500235,2015,DEN,SAS
0021500236,2015,PHX,GSW
0021500237,2015,SAC,MIN
0021500238,2015,LAC,NOP
0021500239,2015,WAS,TOR
0021500240,2015,CLE,BKN
0021500241,2015,DAL,DEN
0021500242,2015,SAS,ATL
0021500243,2015,UTA,NOP
0021500244,2015,POR,LAL
0021500245,2015,GSW,SAC
0021500246,2015,CHA,MIL
0021500247,2015,LAC,MIN
0021500248,2015,BKN,DET
0021500249,2015,ORL,BOS
0021500250,2015,TOR,PHX
0021500251,2015,MEM,PHI
0021500252,2015,NYK,HOU
0021500253,2015,LAL,IND
0021500254,2015,DET,HOU
0021500255,2015,MIA,BOS
0021500256,2015,ATL,OKC
0021500257,2015,CHI,SAS
0021500258,2015,MIL,DEN
0021500259,2015,UTA,GSW
0021500260,2015,SAC,DAL
0021500261,2015,LAC,POR
0021500262,2015,CLE,WAS
0021500263,2015,PHI,LAL
0021500264,2015,BKN,PHX
0021500265,2015,MIN,ORL
0021500266,2015,NOP,MEM
0021500267,2015,POR,DAL
0021500268,2015,CHA,GSW
0021500269,2015,WAS,LAL
0021500270,2015,DET,PHX
0021500271,2015,NYK,PHI
0021500272,2015,ATL,TOR
0021500273,2015,CHI,DEN
0021500274,2015,HOU,NOP
0021500275,2015,SAS,MIL
0021500276,2015,LAC,IND
0021500277,2015,MIA,OKC
0021500278,2015,TOR,DEN
0021500279,2015,UTA,ORL
0021500280,2015,MEM,SAS
0021500281,2015,POR,IND
0021500282,2015,SAC,BOS
0021500283,2015,NYK,BKN
0021500284,2015,WAS,PHX
0021500285,2015,DET,MIL
0021500286,2015,ATL,LAL
0021500287,2015,DAL,HOU
0021500288,2015,NOP,CLE
0021500289,2015,PHI,DEN
0021500290,2015,TOR,GSW
0021500291,2015,MIA,CLE
0021500292,2015,CHI,CHA
0021500293,2015,HOU,SAC
0021500294,2015,MIN,POR
0021500295,2015,MIL,NYK
0021500296,2015,SAS,BOS
0021500297,2015,UTA,IND
0021500298,2015,LAC,ORL
0021500299,2015,MEM,PHX
0021500300,2015,BKN,GSW
0021500301,2015,DET,LAL
0021500302,2015,WAS,DAL
0021500303,2015,OKC,SAC
0021500304,2015,CHA,DET
0021500305,2015,PHI,SAS
0021500306,2015,MIA,WAS
0021500307,2015,NYK,DAL
0021500308,2015,TOR,LAL
0021500309,2015,CHI,PHX
0021500310,2015,MIL,POR
0021500311,2015,MIN,LAC
0021500312,2015,NOP,BOS
0021500313,2015,CLE,POR
0021500314,2015,IND,GSW
0021500315,2015,BKN,HOU
0021500316,2015,MEM,OKC
0021500317,2015,DEN,ORL
0021500318,2015,SAC,UTA
0021500319,2015,BOS,CHI
0021500320,2015,CHA,MIA
0021500321,2015,WAS,HOU
0021500322,2015,DET,MEM
0021500323,2015,TOR,SAS
0021500324,2015,MIL,LAC
0021500325,2015,MIN,LAL
0021500326,2015,PHX,ORL
0021500327,2015,UTA,NYK
0021500328,2015,DAL,ATL
0021500329,2015,BKN,PHI
0021500330,2015,CHI,LAC
0021500331,2015,OKC,ATL
0021500332,2015,SAC,NYK
0021500333,2015,IND,MIA
0021500334,2015,ORL,CLE
0021500335,2015,PHI,DET
0021500336,2015,BOS,GSW
0021500337,2015,TOR,MIL
0021500338,2015,MEM,CHA
0021500339,2015,NOP,WAS
0021500340,2015,DEN,MIN
0021500341,2015,UTA,OKC
0021500342,2015,SAS,LAL
0021500343,2015,PHX,POR
0021500344,2015,BKN,LAC
0021500345,2015,CHA,BOS
0021500346,2015,DET,IND
0021500347,2015,ATL,SAS
0021500348,2015,CHI,NOP
0021500349,2015,HOU,LAL
0021500350,2015,DAL,WAS
0021500351,2015,MIL,GSW
0021500352,2015,POR,NYK
0021500353,2015,PHX,MIN
0021500354,2015,MIA,MEM
0021500355,2015,TOR,PHI
0021500356,2015,OKC,UTA
0021500357,2015,IND,TOR
0021500358,2015,BKN,ORL
0021500359,2015,DET,LAC
0021500360,2015,ATL,MIA
0021500361,2015,CHI,PHI
0021500362,2015,MEM,WAS
0021500363,2015,DAL,PHX
0021500364,2015,SAS,UTA
0021500365,2015,DEN,HOU
0021500366,2015,POR,NOP
0021500367,2015,BOS,CLE
0021500368,2015,MIN,DEN
0021500369,2015,SAC,HOU
0021500370,2015,LAL,MIL
0021500371,2015,IND,DAL
0021500372,2015,ORL,CHA
0021500373,2015,BKN,MIA
0021500374,2015,DET,BOS
0021500375,2015,NYK,MIN
0021500376,2015,ATL,PHI
0021500377,2015,CHI,MEM
0021500378,2015,OKC,POR
0021500379,2015,SAS,WAS
0021500380,2015,UTA,NOP
0021500381,2015,GSW,PHX
0021500382,2015,LAC,MIL
0021500383,2015,CHA,TOR
0021500384,2015,CLE,OKC
0021500385,2015,LAL,HOU
0021500386,2015,IND,BKN
0021500387,2015,ORL,POR
0021500388,2015,PHI,NYK
0021500389,2015,BOS,ATL
0021500390,2015,MIA,TOR
0021500391,2015,CHI,DET
0021500392,2015,MIN,SAC
0021500393,2015,SAS,LAC
0021500394,2015,DAL,MEM
0021500395,2015,UTA,DEN
0021500396,2015,PHX,NOP
0021500397,2015,GSW,MIL
0021500398,2015,OKC,LAL
0021500399,2015,WAS,CHA
0021500400,2015,NYK,CHI
0021500401,2015,HOU,LAC
0021500402,2015,MEM,IND
0021500403,2015,BKN,MIN
0021500404,2015,MIA,POR
0021500405,2015,CLE,PHI
0021500406,2015,PHX,MIL
0021500407,2015,ORL,ATL
0021500408,2015,TOR,SAC
0021500409,2015,DEN,NOP
0021500410,2015,WAS,SAC
0021500411,2015,BOS,MIN
0021500412,2015,NYK,ORL
0021500413,2015,ATL,POR
0021500414,2015,CHI,BKN
0021500415,2015,HOU,CHA
0021500416,2015,SAS,IND
0021500417,2015,UTA,PHX
0021500418,2015,LAC,OKC
0021500419,2015,PHI,MEM
0021500420,2015,MIA,DET
0021500421,2015,TOR,DAL
0021500422,2015,DEN,LAL
0021500423,2015,CHA,BOS
0021500424,2015,CLE,NYK
0021500425,2015,IND,SAC
0021500426,2015,ORL,HOU
0021500427,2015,WAS,MEM
0021500428,2015,BKN,DAL
0021500429,2015,ATL,DET
0021500430,2015,MIL,PHI
0021500431,2015,MIN,SAS
0021500432,2015,NOP,POR
0021500433,2015,PHX,DEN
0021500434,2015,GSW,UTA
0021500435,2015,LAL,OKC
0021500436,2015,MIA,NOP
0021500437,2015,OKC,CHI
0021500438,2015,GSW,CLE
0021500439,2015,HOU,SAS
0021500440,2015,LAL,LAC
0021500447,2015,BKN,WAS
0021500441,2015,MIL,TOR
0021500443,2015,CHA,MEM
0021500444,2015,ORL,MIA
0021500445,2015,NOP,HOU
0021500442,2015,ATL,NYK
0021500446,2015,DET,BOS
0021500448,2015,MIN,IND
0021500449,2015,DAL,CHI
0021500450,2015,SAS,DEN
0021500451,2015,PHX,PHI
0021500452,2015,UTA,LAC
0021500453,2015,POR,CLE
0021500455,2015,MEM,LAL
0021500454,2015,BOS,NYK
0021500456,2015,OKC,DEN
0021500457,2015,SAC,POR
0021500458,2015,CHA,LAL
0021500459,2015,IND,ATL
0021500460,2015,ORL,NOP
0021500461,2015,WAS,LAC
0021500462,2015,MIA,BKN
0021500463,2015,CHI,TOR
0021500464,2015,DAL,MIL
0021500465,2015,SAS,MIN
0021500466,2015,PHX,CLE
0021500467,2015,UTA,PHI
0021500468,2015,GSW,SAC
0021500469,2015,NYK,DET
0021500470,2015,HOU,ATL
0021500471,2015,MEM,MIA
0021500472,2015,OKC,MIL
0021500473,2015,DEN,CLE
0021500474,2015,CHA,LAC
0021500475,2015,ORL,BKN
0021500476,2015,BOS,LAL
0021500477,2015,TOR,WAS
0021500478,2015,CHI,IND
0021500479,2015,MIN,UTA
0021500480,2015,DAL,GSW
0021500481,2015,SAS,PHX
0021500482,2015,POR,DEN
0021500483,2015,SAC,PHI
0021500484,2015,IND,MIL
0021500486,2015,DET,MIN
0021500485,2015,HOU,GSW
0021500487,2015,NOP,LAC
0021500488,2015,OKC,PHX
0021500489,2015,UTA,POR
0021500490,2015,WAS,ORL
0021500491,2015,MIA,DAL
0021500492,2015,TOR,CHA
0021500493,2015,CHI,NYK
0021500494,2015,LAL,PHI
0021500495,2015,BOS,BKN
0021500496,2015,SAC,PHX
0021500497,2015,CHA,OKC
0021500498,2015,IND,DET
0021500499,2015,CLE,ORL
0021500500,2015,MIN,MIL
0021500501,2015,DAL,NOP
0021500502,2015,SAS,HOU
0021500503,2015,UTA,MEM
0021500504,2015,GSW,DEN
0021500505,2015,LAC,PHI
0021500506,2015,NYK,ATL
0021500507,2015,TOR,CHI
0021500508,2015,WAS,MIA
0021500509,2015,DEN,POR
0021500510,2015,LAL,PHX
0021500511,2015,CLE,TOR
0021500512,2015,PHI,MIN
0021500513,2015,BKN,BOS
0021500514,2015,DET,ORL
0021500515,2015,MIA,IND
0021500516,2015,MIL,SAS
0021500517,2015,OKC,SAC
0021500518,2015,UTA,HOU
0021500519,2015,POR,MEM
0021500520,2015,GSW,CHA
0021500521,2015,ATL,NYK
0021500522,2015,CHI,MIL
0021500523,2015,DAL,SAC
0021500524,2015,LAL,GSW
0021500525,2015,MIA,NYK
0021500526,2015,ORL,IND
0021500527,2015,WAS,CLE
0021500528,2015,BOS,DET
0021500529,2015,BKN,TOR
0021500530,2015,MIN,DEN
0021500531,2015,NOP,DAL
0021500532,2015,SAS,UTA
0021500533,2015,PHX,CHA
0021500534,2015,OKC,MEM
0021500535,2015,POR,LAC
0021500536,2015,PHI,ATL
0021500537,2015,CHI,BOS
0021500538,2015,HOU,UTA
0021500539,2015,SAC,LAL
0021500540,2015,WAS,TOR
0021500541,2015,BKN,ORL
0021500542,2015,MEM,DEN
0021500543,2015,MIN,CLE
0021500544,2015,NOP,IND
0021500545,2015,MIL,DAL
0021500546,2015,SAS,NYK
0021500547,2015,PHX,MIA
0021500548,2015,POR,GSW
0021500549,2015,LAL,OKC
0021500550,2015,LAC,CHA
0021500551,2015,ATL,CHI
0021500552,2015,ORL,WAS
0021500553,2015,DET,BKN
0021500554,2015,PHI,TOR
0021500555,2015,UTA,MIA
0021500556,2015,SAC,GSW
0021500558,2015,LAC,NOP
0021500557,2015,MIN,DAL
0021500559,2015,PHI,CLE
0021500560,2015,MEM,BOS
0021500561,2015,HOU,IND
0021500562,2015,NYK,MIL
0021500563,2015,DEN,CHA
0021500564,2015,POR,OKC
0021500565,2015,LAL,UTA
0021500566,2015,BKN,SAS
0021500567,2015,CHI,WAS
0021500568,2015,GSW,MIA
0021500569,2015,IND,PHX
0021500570,2015,DET,SAS
0021500571,2015,NYK,BOS
0021500572,2015,MEM,HOU
0021500573,2015,MIL,CHI
0021500574,2015,MIN,OKC
0021500575,2015,DAL,CLE
0021500576,2015,LAL,NOP
0021500577,2015,CHA,ATL
0021500578,2015,WAS,MIL
0021500579,2015,BKN,NYK
0021500580,2015,BOS,IND
0021500581,2015,HOU,MIN
0021500582,2015,OKC,DAL
0021500583,2015,DEN,GSW
0021500584,2015,POR,UTA
0021500585,2015,SAC,NOP
0021500586,2015,LAC,MIA
0021500588,2015,ORL,TOR
0021500587,2015,PHI,CHI
0021500589,2015,MEM,DET
0021500590,2015,SAS,CLE
0021500591,2015,UTA,SAC
0021500592,2015,GSW,LAL
0021500593,2015,IND,WAS
0021500594,2015,OKC,MIN
0021500595,2015,BOS,PHX
0021500596,2015,BKN,POR
0021500597,2015,CHI,DAL
0021500598,2015,NOP,CHA
0021500599,2015,MIL,ATL
0021500600,2015,DEN,MIA
0021500601,2015,HOU,CLE
0021500603,2015,CHA,MIL
0021500602,2015,ATL,BKN
0021500604,2015,WAS,BOS
0021500605,2015,DET,GSW
0021500606,2015,PHI,POR
0021500607,2015,MEM,NYK
0021500608,2015,UTA,LAL
0021500609,2015,LAC,SAC
0021500610,2015,MIN,PHX
0021500611,2015,OKC,MIA
0021500612,2015,SAS,DAL
0021500613,2015,DEN,IND
0021500614,2015,LAL,HOU
0021500615,2015,NYK,PHI
0021500616,2015,CHA,UTA
0021500617,2015,WAS,POR
0021500618,2015,MEM,NOP
0021500619,2015,DET,CHI
0021500620,2015,ATL,ORL
0021500621,2015,TOR,BKN
0021500622,2015,CLE,GSW
0021500623,2015,DAL,BOS
0021500624,2015,LAC,HOU
0021500625,2015,MIA,MIL
0021500626,2015,NOP,MIN
0021500627,2015,DEN,OKC
0021500628,2015,PHX,IND
0021500629,2015,ORL,PHI
0021500630,2015,WAS,MIA
0021500631,2015,BKN,CLE
0021500632,2015,NYK,UTA
0021500633,2015,TOR,BOS
0021500634,2015,CHI,GSW
0021500635,2015,HOU,DET
0021500636,2015,OKC,CHA
0021500637,2015,DAL,MIN
0021500638,2015,LAL,SAC
0021500639,2015,POR,ATL
0021500640,2015,CLE,LAC
0021500641,2015,NOP,DET
0021500642,2015,DEN,MEM
0021500643,2015,SAC,ATL
0021500644,2015,PHX,SAS
0021500645,2015,ORL,CHA
0021500646,2015,BOS,CHI
0021500647,2015,BKN,UTA
0021500648,2015,NYK,LAC
0021500649,2015,TOR,MIA
0021500650,2015,HOU,MIL
0021500651,2015,DAL,OKC
0021500652,2015,GSW,IND
0021500653,2015,LAL,SAS
0021500655,2015,CHA,NYK
0021500657,2015,NOP,MIL
0021500658,2015,MIN,MEM
0021500659,2015,CLE,CHI
0021500660,2015,PHX,ATL
0021500661,2015,DEN,DET
0021500662,2015,POR,LAL
0021500663,2015,SAC,IND
0021500665,2015,HOU,DAL
0021500666,2015,TOR,LAC
0021500656,2015,PHI,BOS
0021500664,2015,BKN,OKC
0021500667,2015,CLE,MIN
0021500668,2015,WAS,BOS
0021500669,2015,CHI,MIA
0021500670,2015,MEM,ORL
0021500671,2015,NOP,HOU
0021500672,2015,DEN,ATL
0021500673,2015,UTA,DET
0021500674,2015,SAC,CHA
0021500675,2015,GSW,SAS
0021500676,2015,IND,LAC
0021500677,2015,PHI,PHX
0021500678,2015,BKN,MIA
0021500679,2015,NYK,OKC
0021500680,2015,TOR,WAS
0021500681,2015,MIL,ORL
0021500682,2015,POR,SAC
0021500683,2015,LAL,DAL
0021500684,2015,CLE,PHX
0021500685,2015,BOS,DEN
0021500686,2015,DET,PHI
0021500687,2015,ATL,LAC
0021500688,2015,MIN,OKC
0021500689,2015,SAS,HOU
0021500690,2015,UTA,CHA
0021500691,2015,GSW,DAL
0021500692,2015,IND,ATL
0021500693,2015,WAS,DEN
0021500694,2015,TOR,NYK
0021500695,2015,MEM,MIL
0021500696,2015,NOP,SAC
0021500697,2015,LAL,CHI
0021500698,2015,BOS,ORL
0021500699,2015,DET,CLE
0021500700,2015,NYK,PHX
0021500701,2015,OKC,HOU
0021500703,2015,MIL,MIA
0021500702,2015,DAL,BKN
0021500704,2015,UTA,MIN
0021500705,2015,POR,CHA
0021500706,2015,LAC,LAL
0021500707,2015,PHI,GSW
0021500708,2015,TOR,DET
0021500709,2015,IND,DEN
0021500710,2015,NOP,BKN
0021500711,2015,HOU,WAS
0021500712,2015,MEM,SAC
0021500713,2015,CLE,SAS
0021500714,2015,LAC,CHI
0021500715,2015,MIA,ATL
0021500716,2015,ORL,BOS
0021500717,2015,DAL,PHX
0021500718,2015,NYK,GSW
0021500719,2015,POR,MIN
0021500720,2015,LAL,CHA
0021500721,2015,IND,CLE
0021500722,2015,BKN,DET
0021500723,2015,ATL,DAL
0021500724,2015,NOP,MEM
0021500725,2015,OKC,WAS
0021500726,2015,SAS,ORL
0021500727,2015,DEN,TOR
0021500728,2015,UTA,CHI
0021500729,2015,SAC,MIL
0021500730,2015,NYK,BOS
0021500731,2015,HOU,MIA
0021500732,2015,PHX,TOR
0021500733,2015,POR,MIL
0021500734,2015,LAL,MIN
0021500735,2015,CHA,CLE
0021500736,2015,PHI,ATL
0021500737,2015,BOS,DET
0021500738,2015,BKN,IND
0021500739,2015,WAS,GSW
0021500740,2015,OKC,ORL
0021500741,2015,DAL,MIA
0021500742,2015,SAS,NOP
0021500743,2015,UTA,DEN
0021500744,2015,SAC,CHI
0021500745,2015,LAC,MIN
0021500746,2015,DET,NYK
0021500749,2015,PHX,HOU
0021500747,2015,NOP,LAL
0021500748,2015,POR,TOR
0021500750,2015,ATL,IND
0021500751,2015,CHA,MIA
0021500752,2015,ORL,LAC
0021500753,2015,WAS,PHI
0021500754,2015,BKN,SAC
0021500755,2015,CLE,BOS
0021500756,2015,NYK,MEM
0021500757,2015,DEN,CHI
0021500758,2015,UTA,MIL
0021500759,2015,DAL,SAS
0021500760,2015,HOU,POR
0021500761,2015,CHA,WAS
0021500762,2015,IND,DET
0021500763,2015,CLE,NOP
0021500764,2015,PHI,BKN
0021500765,2015,MEM,DAL
0021500766,2015,MIN,CHI
0021500767,2015,SAS,LAL
0021500768,2015,PHX,UTA
0021500769,2015,GSW,OKC
0021500770,2015,NYK,DEN
0021500771,2015,ORL,ATL
0021500773,2015,BOS,SAC
0021500772,2015,MIA,LAC
0021500774,2015,CHA,CHI
0021500775,2015,CLE,SAC
0021500776,2015,IND,LAL
0021500777,2015,PHI,LAC
0021500778,2015,BKN,DEN
0021500779,2015,DET,TOR
0021500780,2015,ATL,ORL
0021500781,2015,MEM,POR
0021500782,2015,MIN,NOP
0021500783,2015,PHX,OKC
0021500784,2015,MIA,SAS
0021500785,2015,NYK,WAS
0021500786,2015,MIL,BOS
0021500787,2015,DAL,UTA
0021500788,2015,GSW,HOU
0021500789,2015,IND,CHA
0021500790,2015,ORL,SAS
0021500791,2015,PHI,SAC
0021500792,2015,BOS,LAC
0021500793,2015,BKN,MEM
0021500794,2015,DET,DEN
0021500795,2015,CLE,LAL
0021500796,2015,CHI,ATL
0021500797,2015,MIN,TOR
0021500798,2015,NOP,UTA
0021500799,2015,PHX,GSW
0021500800,2015,POR,HOU
0021500801,2015,MIL,WAS
0021500802,2015,OKC,NOP
0031500002,2015,WLD,USA
0031500001,2015,EST,WST
0021500654,2015,WAS,UTA
0021500803,2015,CLE,CHI
0021500804,2015,LAC,SAS
0021500805,2015,ORL,DAL
0021500806,2015,WAS,DET
0021500807,2015,BKN,NYK
0021500808,2015,ATL,MIA
0021500809,2015,CHI,TOR
0021500810,2015,MEM,MIN
0021500811,2015,NOP,PHI
0021500812,2015,OKC,IND
0021500813,2015,MIL,CHA
0021500814,2015,PHX,HOU
0021500815,2015,POR,GSW
0021500816,2015,SAC,DEN
0021500817,2015,UTA,BOS
0021500818,2015,LAL,SAS
0021500819,2015,ATL,MIL
0021500820,2015,MIA,WAS
0021500821,2015,MIN,NYK
0021500822,2015,LAC,GSW
0021500823,2015,DET,NOP
0021500824,2015,OKC,CLE
0021500825,2015,DEN,BOS
0021500826,2015,PHX,SAS
0021500827,2015,BKN,CHA
0021500828,2015,ORL,IND
0021500829,2015,TOR,MEM
0021500830,2015,DAL,PHI
0021500831,2015,CHI,LAL
0021500832,2015,POR,UTA
0021500833,2015,CLE,DET
0021500834,2015,MIA,IND
0021500835,2015,NYK,TOR
0021500836,2015,ATL,GSW
0021500837,2015,MIL,LAL
0021500838,2015,MIN,BOS
0021500839,2015,LAC,PHX
0021500840,2015,PHI,ORL
0021500841,2015,WAS,NOP
0021500842,2015,DEN,SAC
0021500843,2015,UTA,HOU
0021500844,2015,POR,BKN
0021500845,2015,CLE,CHA
0021500846,2015,IND,NYK
0021500847,2015,DET,PHI
0021500848,2015,MIA,GSW
0021500849,2015,TOR,MIN
0021500850,2015,CHI,WAS
0021500851,2015,MEM,LAL
0021500852,2015,DAL,OKC
0021500853,2015,LAC,DEN
0021500854,2015,SAC,SAS
0021500855,2015,ORL,GSW
0021500856,2015,BOS,MIL
0021500857,2015,NOP,OKC
0021500858,2015,PHX,BKN
0021500859,2015,POR,HOU
0021500860,2015,UTA,SAS
0021500861,2015,IND,CHA
0021500862,2015,PHI,WAS
0021500863,2015,NYK,ORL
0021500864,2015,TOR,CLE
0021500865,2015,ATL,CHI
0021500866,2015,DAL,DEN
0021500867,2015,SAC,LAC
0021500868,2015,LAL,MEM
0021500869,2015,BOS,MIA
0021500870,2015,NOP,MIN
0021500871,2015,CHI,POR
0021500872,2015,HOU,SAS
0021500873,2015,MIL,DET
0021500874,2015,OKC,GSW
0021500875,2015,PHX,MEM
0021500876,2015,UTA,BKN
0021500877,2015,WAS,CLE
0021500878,2015,ATL,CHA
0021500879,2015,DET,TOR
0021500880,2015,IND,POR
0021500881,2015,ORL,PHI
0021500882,2015,DAL,MIN
0021500883,2015,NYK,MIA
0021500884,2015,CLE,IND
0021500885,2015,WAS,PHI
0021500886,2015,BOS,UTA
0021500887,2015,MIL,HOU
0021500888,2015,DEN,MEM
0021500889,2015,SAC,OKC
0021500890,2015,LAC,BKN
0021500891,2015,CHA,PHX
0021500892,2015,MIA,CHI
0021500893,2015,NYK,POR
0021500894,2015,DAL,ORL
0021500895,2015,GSW,ATL
0021500896,2015,LAL,BKN
0021500897,2015,ORL,CHI
0021500898,2015,PHI,CHA
0021500899,2015,BOS,POR
0021500900,2015,TOR,UTA
0021500901,2015,HOU,NOP
0021500902,2015,MEM,SAC
0021500903,2015,MIL,IND
0021500904,2015,MIN,WAS
0021500905,2015,SAS,DET
0021500906,2015,DEN,LAL
0021500907,2015,LAC,OKC
0021500908,2015,MIA,PHX
0021500909,2015,NOP,SAS
0021500910,2015,DAL,SAC
0021500911,2015,GSW,OKC
0021500912,2015,CHA,IND
0021500913,2015,ORL,PHX
0021500914,2015,PHI,MIA
0021500915,2015,BOS,NYK
0021500916,2015,TOR,POR
0021500917,2015,CLE,WAS
0021500918,2015,MEM,UTA
0021500919,2015,MIL,MIN
0021500920,2015,DEN,BKN
0021500921,2015,LAL,ATL
0021500922,2015,CLE,BOS
0021500923,2015,NYK,DET
0021500924,2015,WAS,IND
0021500925,2015,NOP,UTA
0021500926,2015,MIN,BKN
0021500927,2015,CHI,HOU
0021500928,2015,SAS,SAC
0021500929,2015,LAC,ATL
0021500930,2015,MIL,OKC
0021500931,2015,LAL,GSW
0021500932,2015,MEM,PHX
0021500933,2015,DEN,DAL
0021500934,2015,DET,POR
0021500935,2015,MIA,PHI
0021500936,2015,TOR,HOU
0021500937,2015,CHA,MIN
0021500938,2015,CLE,MEM
0021500939,2015,IND,SAS
0021500940,2015,CHI,MIL
0021500941,2015,NOP,SAC
0021500942,2015,DAL,LAC
0021500943,2015,GSW,ORL
0021500944,2015,TOR,BKN
0021500945,2015,MIN,SAS
0021500946,2015,DEN,NYK
0021500947,2015,UTA,ATL
0021500948,2015,POR,WAS
0021500949,2015,LAL,ORL
0021500950,2015,CHA,NOP
0021500951,2015,PHI,HOU
0021500953,2015,BOS,MEM
0021500952,2015,MIL,MIA
0021500954,2015,DAL,DET
0021500956,2015,PHX,NYK
0021500955,2015,OKC,LAC
0021500957,2015,SAC,CLE
0021500958,2015,GSW,UTA
0021500959,2015,TOR,ATL
0021500960,2015,SAS,CHI
0021500961,2015,DEN,PHX
0021500962,2015,LAL,CLE
0021500963,2015,CHA,DET
0021500964,2015,PHI,BKN
0021500965,2015,BOS,HOU
0021500966,2015,CHI,MIA
0021500967,2015,MEM,NOP
0021500968,2015,OKC,MIN
0021500969,2015,UTA,WAS
0021500970,2015,SAC,ORL
0021500971,2015,GSW,POR
0021500972,2015,LAC,NYK
0021500973,2015,DAL,IND
0021500975,2015,CHA,HOU
0021500976,2015,PHI,DET
0021500977,2015,TOR,MIA
0021500974,2015,ATL,MEM
0021500978,2015,MIL,NOP
0021500979,2015,SAS,OKC
0021500980,2015,DEN,WAS
0021500981,2015,GSW,PHX
0021500982,2015,POR,ORL
0021500983,2015,LAC,CLE
0021500984,2015,ATL,IND
0021500986,2015,SAC,UTA
0021500985,2015,BKN,MIL
0021500987,2015,LAL,NYK
0021500988,2015,CHA,DAL
0021500990,2015,MIA,DEN
0021500991,2015,TOR,CHI
0021500989,2015,WAS,DET
0021500992,2015,HOU,MEM
0021500993,2015,OKC,POR
0021500995,2015,PHX,MIN
0021500994,2015,UTA,CLE
0021500996,2015,GSW,NOP
0021500997,2015,IND,BOS
0021500998,2015,ORL,DEN
0021500999,2015,BKN,PHI
0021501000,2015,MIL,TOR
0021501001,2015,SAS,LAC
0021501002,2015,LAL,SAC
0021501003,2015,BOS,OKC
0021501004,2015,CHA,ORL
0021501005,2015,CLE,DAL
0021501006,2015,WAS,CHI
0021501007,2015,DET,ATL
0021501008,2015,MEM,MIN
0021501009,2015,HOU,LAC
0021501010,2015,SAC,NOP
0021501011,2015,GSW,NYK
0021501012,2015,IND,TOR
0021501013,2015,PHI,WAS
0021501014,2015,MIA,CHA
0021501015,2015,ATL,DEN
0021501016,2015,CHI,BKN
0021501017,2015,MIL,MEM
0021501018,2015,SAS,POR
0021501019,2015,UTA,PHX
0021501020,2015,ORL,CLE
0021501021,2015,PHI,OKC
0021501022,2015,DET,SAC
0021501023,2015,TOR,BOS
0021501024,2015,HOU,MIN
0021501025,2015,NOP,POR
0021501026,2015,DAL,GSW
0021501027,2015,LAL,PHX
0021501028,2015,CHA,DEN
0021501030,2015,DET,BKN
0021501031,2015,IND,OKC
0021501032,2015,WAS,NYK
0021501029,2015,ATL,HOU
0021501033,2015,MIA,CLE
0021501034,2015,CHI,UTA
0021501035,2015,MEM,LAC
0021501036,2015,SAS,GSW
0021501037,2015,DAL,POR
0021501038,2015,TOR,ORL
0021501039,2015,PHI,BOS
0021501040,2015,NOP,LAC
0021501041,2015,MIL,UTA
0021501042,2015,NYK,SAC
0021501043,2015,CHA,SAS
0021501044,2015,CLE,DEN
0021501045,2015,IND,PHI
0021501046,2015,BOS,ORL
0021501047,2015,DET,MIL
0021501048,2015,ATL,WAS
0021501049,2015,CHI,SAC
0021501050,2015,MIN,GSW
0021501051,2015,PHX,MEM
0021501052,2015,BKN,CHA
0021501053,2015,NOP,MIA
0021501054,2015,OKC,HOU
0021501055,2015,LAL,MEM
0021501056,2015,WAS,ATL
0021501059,2015,CLE,MIL
0021501057,2015,BOS,TOR
0021501058,2015,DET,ORL
0021501060,2015,CHI,NYK
0021501061,2015,HOU,UTA
0021501062,2015,MIN,SAC
0021501063,2015,SAS,MIA
0021501064,2015,DEN,PHI
0021501065,2015,PHX,LAL
0021501067,2015,POR,DAL
0021501066,2015,GSW,LAC
0021501068,2015,IND,NOP
0021501069,2015,BKN,CLE
0021501070,2015,NYK,CHI
0021501071,2015,OKC,UTA
0021501072,2015,LAC,POR
0021501073,2015,WAS,MIN
0021501074,2015,DET,CHA
0021501075,2015,MIA,ORL
0021501076,2015,ATL,MIL
0021501077,2015,HOU,TOR
0021501078,2015,SAS,MEM
0021501079,2015,SAC,PHX
0021501080,2015,GSW,DAL
0021501081,2015,LAL,DEN
0021501082,2015,BKN,IND
0021501083,2015,ORL,CHI
0021501084,2015,NOP,TOR
0021501085,2015,DET,ATL
0021501086,2015,NYK,CLE
0021501087,2015,MIN,UTA
0021501088,2015,OKC,SAS
0021501089,2015,MIL,CHA
0021501090,2015,PHX,BOS
0021501091,2015,POR,PHI
0021501092,2015,LAC,DEN
0021501093,2015,IND,HOU
0021501095,2015,SAC,DAL
0021501094,2015,GSW,PHI
0021501096,2015,LAL,WAS
0021501097,2015,MIA,BKN
0021501098,2015,TOR,OKC
0021501099,2015,CHI,ATL
0021501100,2015,MEM,SAS
0021501101,2015,MIN,PHX
0021501102,2015,NOP,NYK
0021501103,2015,DEN,DAL
0021501104,2015,UTA,LAL
0021501105,2015,POR,SAC
0021501106,2015,LAC,BOS
0021501107,2015,IND,CHI
0021501108,2015,ORL,BKN
0021501109,2015,PHI,CHA
0021501110,2015,DET,OKC
0021501111,2015,CLE,HOU
0021501112,2015,GSW,WAS
0021501113,2015,TOR,ATL
0021501114,2015,MEM,DEN
0021501115,2015,MIL,PHX
0021501116,2015,MIN,LAC
0021501117,2015,DAL,NYK
0021501118,2015,SAS,NOP
0021501119,2015,UTA,GSW
0021501120,2015,SAC,WAS
0021501121,2015,LAL,MIA
0021501122,2015,CLE,BKN
0021501123,2015,IND,ORL
0021501124,2015,HOU,CHI
0021501125,2015,NOP,DEN
0021501126,2015,OKC,LAC
0021501127,2015,POR,BOS
0021501128,2015,CHA,PHI
0021501129,2015,DET,DAL
0021501130,2015,NYK,BKN
0021501131,2015,ATL,CLE
0021501132,2015,MEM,TOR
0021501133,2015,MIL,ORL
0021501134,2015,UTA,MIN
0021501135,2015,SAC,MIA
0021501136,2015,GSW,BOS
0021501137,2015,PHX,WAS
0021501138,2015,PHI,IND
0021501139,2015,CHI,DET
0021501140,2015,SAS,TOR
0021501141,2015,DEN,SAC
0021501142,2015,POR,MIA
0021501143,2015,BKN,NOP
0021501144,2015,CLE,CHA
0021501145,2015,HOU,OKC
0021501146,2015,MIN,DAL
0021501147,2015,LAC,WAS
0021501148,2015,ORL,MEM
0021501149,2015,PHX,UTA
0021501150,2015,MIL,CHI
0021501151,2015,NYK,IND
0021501152,2015,GSW,POR
0021501153,2015,LAL,BOS
0021501154,2015,PHI,NOP
0021501156,2015,TOR,CHA
0021501155,2015,MIA,DET
0021501157,2015,ATL,PHX
0021501158,2015,MEM,CHI
0021501159,2015,MIL,CLE
0021501160,2015,DEN,OKC
0021501161,2015,UTA,SAS
0021501162,2015,SAC,POR
0021501163,2015,GSW,MIN
0021501164,2015,LAC,LAL
0021501165,2015,IND,CLE
0021501166,2015,ORL,DET
0021501167,2015,WAS,BKN
0021501168,2015,BOS,NOP
0021501169,2015,NYK,CHA
0021501170,2015,DAL,HOU
0021501171,2015,POR,OKC
0021501172,2015,LAL,LAC
0021501173,2015,ATL,TOR
0021501174,2015,MIA,CHI
0021501175,2015,HOU,PHX
0021501176,2015,SAC,MIN
0021501177,2015,GSW,SAS
0021501178,2015,CHA,BKN
0021501179,2015,ORL,MIA
0021501180,2015,PHI,NYK
0021501181,2015,BOS,MIL
0021501182,2015,DET,WAS
0021501183,2015,TOR,IND
0021501184,2015,NOP,LAL
0021501185,2015,DAL,MEM
0021501186,2015,DEN,SAS
0021501187,2015,UTA,LAC
0021501189,2015,NOP,PHX
0021501188,2015,ATL,BOS
0021501190,2015,MEM,GSW
0021501191,2015,CHI,CLE
0021501192,2015,POR,MIN
0021501193,2015,SAC,OKC
0021501194,2015,WAS,CHA
0021501195,2015,HOU,LAL
0021501196,2015,LAC,DAL
0021501197,2015,PHI,MIL
0021501198,2015,DEN,UTA
0021501199,2015,IND,BKN
0021501200,2015,MIA,ORL
0021501201,2015,SAS,GSW
0021501202,2015,NYK,TOR
0021501203,2015,CLE,ATL
0021501204,2015,ORL,MIL
0021501205,2015,BOS,CHA
0021501206,2015,BKN,WAS
0021501207,2015,MIN,HOU
0021501208,2015,NOP,CHI
0021501209,2015,OKC,LAL
0021501210,2015,UTA,DAL
0021501211,2015,PHX,SAC
0021501212,2015,IND,NYK
0021501213,2015,DET,MIA
0021501214,2015,TOR,PHI
0021501215,2015,SAS,OKC
0021501216,2015,LAC,MEM
0021501217,2015,BOS,MIA
0021501218,2015,BKN,TOR
0021501219,2015,CHA,ORL
0021501220,2015,CLE,DET
0021501221,2015,WAS,ATL
0021501222,2015,CHI,PHI
0021501223,2015,DAL,SAS
0021501224,2015,HOU,SAC
0021501225,2015,MIL,IND
0021501226,2015,MIN,NOP
0021501227,2015,GSW,MEM
0021501228,2015,LAL,UTA
0021501229,2015,PHX,LAC
0021501230,2015,POR,DEN
